"id";"address";"city";"email";"first_name";"last_name";"state";"zip_code"
1;"5 Jenifer Crossing";"Lynchburg";"jpowell0@hplussport.com";"Jack";"Powell";"VA";"24515"
2;"97 Vidon Alley";"Manchester";"egarcia1@hplussport.com";"Emily";"Garcia";"NH";"31050"
3;"2482 1st Road";"Houston";"rdean2@hplussport.com";"Richard";"Dean";"TX";"77228"
4;"5230 Rigney Circle";"Alexandria";"jporter3@hplussport.com";"Jane";"Porter";"VA";"22301"
5;"7 Upham Alley";"El Paso";"rvasquez4@hplussport.com";"Robin";"Vasquez";"TX";"79984"
6;"144 Banding Lane";"Houston";"dflores5@hplussport.com";"Douglas";"Flores";"TX";"77090"
7;"3011 Mosinee Park";"Amarillo";"cjohnston6@hplussport.com";"Craig";"Johnston";"TX";"79188"
8;"664 Dwight Road";"Roanoke";"kbishop8@hplussport.com";"Kathryn";"Bishop";"VA";"24014"
9;"2 Sutherland Road";"Mesquite";"jstewart9@hplussport.com";"Joe";"Stewart";"TX";"75185"
10;"73 Homewood Terrace";"Lynn";"dpricea@hplussport.com";"Dennis";"Price";"MA";"1905"
11;"3 Derek Hill";"Garland";"jreidb@hplussport.com";"Jason";"Reid";"TX";"75049"
12;"929 Lindbergh Court";"Wichita";"rgomesc@hplussport.com";"Randy";"Gomez";"KS";"67260"
13;"03 Comache Crossing";"Phoenix";"jgeorged@hplussport.com";"Jerry";"George";"AZ";"85035"
14;"20 Nelson Way";"Seattle";"jlarsone@hplussport.com";"jane";"Larson";"WA";"98185"
15;"6195 Bunting Park";"Bloomington";"jcarrf@hplussport.com";"Joyce";"Carr";"IN";"47405"
16;"42 Johnson Center";"Louisville";"bsimsi@hplussport.com";"Benjamin";"Sims";"KY";"40298"
17;"7 Loomis Place";"Oklahoma City";"jortizg@hplussport.com";"James";"Ortiz";"OK";"73179"
