"customer_id";"first_name";"last_name";"email";"phone"
100;"Carol";"Shaw";"cshaw0@mlb.com";"(206)804-8771"
101;"Elizabeth";"Carr";"ecarr1@oracle.com";"(512)187-2507"
102;"Ernest";"Ramos";"eramos2@plala.or.jp";"(816)540-4257"
103;"Jane";"Carter";"jcarter3@harvard.edu";"(214)839-0542"
104;"Martha";"Cooper";"mcooper4@go.com";"(727)235-5696"
105;"Patricia";"Fox";"pfox5@hubpages.com";"(240)937-3491"
106;"Jack";"Peters";"jpeters6@java.com";"(832)171-7210"
107;"Brian";"Mcdonald";"bmcdonald7@ft.com";"(405)255-8820"
108;"Nicholas";"Clark";"nclark8@miibeian.gov.cn";"(203)941-4125"
109;"Cheryl";"Robinson";"crobinson9@tuttocitta.it";"(205)646-1280"
110;"Doris";"Ramirez";"dramireza@cbslocal.com";"(574)199-9006"
111;"Sandra";"Ortiz";"sortizb@cloudflare.com";"(757)407-9411"
112;"Timothy";"Garrett";"tgarrettc@cisco.com";"(513)298-2899"
113;"Chris";"Williamson";"cwilliamsond@fotki.com";"(505)896-8356"
114;"Norma";"Scott";"nscotte@dell.com";"(612)432-2596"
115;"Brandon";"Webb";"bwebbf@fastcompany.com";"(915)364-3590"
116;"Stephen";"Mason";"smasong@shinystat.com";"(415)861-1390"
117;"Gloria";"Armstrong";"garmstrongh@unicef.org";"(863)646-4449"
118;"Beverly";"Meyer";"bmeyeri@cyberchimps.com";"(208)900-5215"
119;"Janice";"Mitchell";"jmitchellj@lycos.com";"(360)759-7569"
120;"Ronald";"Murphy";"rmurphyk@yandex.ru";"(303)447-5945"
121;"Ruby";"Lawson";"rlawsonl@ted.com";"(361)927-9275"
122;"Jean";"Palmer";"jpalmerm@delicious.com";"(402)166-3811"
123;"Shawn";"Peters";"spetersn@auda.org.au";"(754)644-1728"
124;"Pamela";"Welch";"pwelcho@wordpress.com";"(303)685-7506"
125;"Kathy";"Alexander";"kalexanderp@ebay.co.uk";"(713)885-7289"
126;"James";"Howard";"jhowardq@dedecms.com";"(814)712-1655"
127;"Steven";"Hawkins";"shawkinsr@geocities.com";"(386)399-7311"
128;"Randy";"Gibson";"rgibsons@jiathis.com";"(202)482-9082"
129;"Arthur";"Williams";"awilliamst@cdc.gov";"(210)398-3890"
130;"Justin";"Gray";"jgrayu@bravesites.com";"(316)348-7229"
131;"Juan";"Patterson";"jpattersonv@google.ca";"(239)586-8646"
132;"Tina";"Perez";"tperezw@goo.gl";"(202)681-7649"
133;"Earl";"Carter";"ecarterx@foxnews.com";"(585)898-4271"
134;"Kelly";"Taylor";"ktaylory@who.int";"(612)375-7927"
135;"Doris";"Watkins";"dwatkinsz@odnoklassniki.ru";"(615)146-9069"
136;"Rebecca";"Graham";"rgraham10@elegantthemes.com";"(803)551-8204"
137;"Pamela";"Myers";"pmyers11@drupal.org";"(904)437-0721"
138;"Lawrence";"Hicks";"lhicks12@friendfeed.com";"(407)715-6328"
139;"Brian";"Mccoy";"bmccoy13@github.com";"(605)640-2099"
140;"Diane";"Perez";"dperez14@illinois.edu";"(801)689-1009"
141;"Elizabeth";"Jordan";"ejordan15@icq.com";"(203)229-6571"
142;"Patrick";"Young";"pyoung16@blogs.com";"(334)677-3271"
143;"Wayne";"Bradley";"wbradley17@answers.com";"(843)376-4157"
144;"Anne";"Hicks";"ahicks18@dion.ne.jp";"(518)284-3424"
145;"Steven";"Gardner";"sgardner19@foxnews.com";"(804)195-7390"
146;"Donald";"Jackson";"djackson1a@hp.com";"(203)197-6690"
147;"Michael";"Marshall";"mmarshall1b@buzzfeed.com";"(316)177-7839"
148;"Wayne";"Stanley";"wstanley1c@washingtonpost.com";"(216)106-9059"
149;"Emily";"Watkins";"ewatkins1d@bandcamp.com";"(573)848-0093"
150;"Sean";"Myers";"smyers1e@dot.gov";"(214)923-5599"
151;"Earl";"Richards";"erichards1f@google.nl";"(281)133-3455"
152;"Brandon";"Murray";"bmurray1g@state.tx.us";"(843)611-5603"
153;"Matthew";"Jacobs";"mjacobs1h@linkedin.com";"(336)125-0595"
154;"Diane";"Scott";"dscott1i@ft.com";"(616)994-9361"
155;"Sarah";"Taylor";"staylor1j@yandex.ru";"(937)243-9631"
156;"Andrew";"Nichols";"anichols1k@time.com";"(405)462-7126"
157;"Sarah";"Cooper";"scooper1l@nba.com";"(812)331-9986"
158;"Benjamin";"Fuller";"bfuller1m@nytimes.com";"(405)815-9421"
159;"Roger";"Williamson";"rwilliamson1n@businesswire.com";"(915)549-5367"
160;"Keith";"Duncan";"kduncan1o@google.com.au";"(806)318-7142"
161;"Diane";"Bishop";"dbishop1p@vk.com";"(205)735-8066"
162;"Rebecca";"Sanchez";"rsanchez1q@cyberchimps.com";"(916)849-0414"
163;"Jack";"Turner";"jturner1r@google.com.hk";"(202)640-4186"
164;"Joshua";"Jordan";"jjordan1s@biblegateway.com";"(405)850-1932"
165;"Jane";"Meyer";"jmeyer1t@deviantart.com";"(480)411-9714"
166;"Thomas";"Henderson";"thenderson1u@theguardian.com";"(718)593-8113"
167;"Brandon";"Matthews";"bmatthews1v@hostgator.com";"(302)698-9570"
168;"Mark";"Perkins";"mperkins1w@amazon.com";"(708)686-6103"
169;"Willie";"Castillo";"wcastillo1x@geocities.jp";"(573)387-7555"
170;"Andrew";"Foster";"afoster1y@europa.eu";"(901)947-0766"
171;"Andrew";"Ortiz";"aortiz1z@qq.com";"(949)234-1512"
172;"Katherine";"Butler";"kbutler20@mediafire.com";"(303)479-3187"
173;"Henry";"Woods";"hwoods21@fema.gov";"(718)244-0223"
174;"Janet";"Murphy";"jmurphy22@php.net";"(484)491-6418"
175;"Richard";"Henderson";"rhenderson23@360.cn";"(703)668-7022"
176;"Antonio";"Meyer";"ameyer24@weather.com";"(626)579-5161"
177;"Wayne";"Robertson";"wrobertson25@walmart.com";"(202)264-0678"
178;"Cheryl";"Sanchez";"csanchez26@marketwatch.com";"(612)423-1305"
179;"Michael";"Green";"mgreen27@google.co.jp";"(330)828-1467"
180;"Shawn";"Martin";"smartin28@abc.net.au";"(212)185-8360"
181;"Louise";"Cook";"lcook29@mozilla.org";"(704)875-0555"
182;"Barbara";"Olson";"bolson2a@washington.edu";"(727)616-5916"
183;"Dorothy";"Meyer";"dmeyer2b@weibo.com";"(434)454-3896"
184;"Kathleen";"Adams";"kadams2c@thetimes.co.uk";"(570)389-8270"
185;"Michael";"Porter";"mporter2d@statcounter.com";"(516)204-5874"
186;"Todd";"Reed";"treed2e@furl.net";"(951)162-0813"
187;"Marilyn";"Murray";"mmurray2f@webs.com";"(915)548-3952"
188;"Tammy";"Knight";"tknight2g@friendfeed.com";"(334)240-0352"
189;"Ryan";"Scott";"rscott2h@360.cn";"(716)930-6015"
190;"Louise";"Reed";"lreed2i@slideshare.net";"(518)351-9744"
191;"Antonio";"Freeman";"afreeman2j@blog.com";"(410)684-0706"
192;"Steven";"Hughes";"shughes2k@biglobe.ne.jp";"(754)430-9285"
193;"Barbara";"Bell";"bbell2l@google.pl";"(213)127-0383"
194;"Brian";"Shaw";"bshaw2m@1688.com";"(208)703-6496"
195;"Annie";"Kelley";"akelley2n@eventbrite.com";"(402)519-6350"
196;"Charles";"Gordon";"cgordon2o@xrea.com";"(803)622-2264"
197;"Larry";"Chavez";"lchavez2p@google.com";"(360)551-8252"
198;"Amanda";"Phillips";"aphillips2q@mediafire.com";"(330)724-4439"
199;"Janet";"Perez";"jperez2r@cbslocal.com";"(817)516-6489"
200;"Janet";"Kelley";"jkelley2s@live.com";"(305)539-5954"
201;"Joseph";"Wagner";"jwagner2t@typepad.com";"(813)402-3213"
202;"Alice";"Freeman";"afreeman2u@time.com";"(904)533-7110"
203;"Diane";"Kelly";"dkelly2v@fastcompany.com";"(229)336-9527"
204;"Donald";"Gilbert";"dgilbert2w@irs.gov";"(309)336-8606"
205;"Ryan";"Rice";"rrice2x@unc.edu";"(714)794-8090"
206;"Chris";"Wallace";"cwallace2y@addtoany.com";"(719)736-7848"
207;"Betty";"Miller";"bmiller2z@bravesites.com";"(915)315-0516"
208;"Mark";"Gray";"mgray30@bluehost.com";"(504)742-3582"
209;"Sarah";"Webb";"swebb31@cnn.com";"(512)976-0804"
210;"Norma";"Ramos";"nramos32@jigsy.com";"(813)475-8758"
211;"Benjamin";"Garcia";"bgarcia33@meetup.com";"(254)943-5533"
212;"Frank";"Castillo";"fcastillo34@list-manage.com";"(609)870-3651"
213;"Jerry";"Chapman";"jchapman35@slideshare.net";"(623)450-0823"
214;"Albert";"Fisher";"afisher36@pbs.org";"(859)821-7618"
215;"Juan";"Price";"jprice37@barnesandnoble.com";"(202)808-7431"
216;"Michelle";"Clark";"mclark38@tinyurl.com";"(203)601-7270"
217;"Sharon";"Wallace";"swallace39@jiathis.com";"(919)179-3974"
218;"Lori";"Walker";"lwalker3a@nasa.gov";"(940)804-0359"
219;"Henry";"Roberts";"hroberts3b@tumblr.com";"(215)484-0202"
220;"Julia";"Larson";"jlarson3c@yandex.ru";"(404)568-5137"
221;"Nancy";"Garza";"ngarza3d@mozilla.org";"(602)157-9607"
222;"Denise";"Burton";"dburton3e@tuttocitta.it";"(317)535-4775"
223;"Janet";"Griffin";"jgriffin3f@tmall.com";"(562)747-2061"
224;"Amanda";"Greene";"agreene3g@imageshack.us";"(702)984-3974"
225;"Jonathan";"Gonzales";"jgonzales3h@google.com";"(202)641-2038"
226;"Eugene";"Jones";"ejones3i@independent.co.uk";"(330)209-9549"
227;"Michael";"Anderson";"manderson3j@com.com";"(316)313-9367"
228;"Jason";"Rivera";"jrivera3k@tamu.edu";"(336)499-5334"
229;"Louise";"Gray";"lgray3l@wordpress.org";"(202)238-9297"
230;"Rose";"Frazier";"rfrazier3m@walmart.com";"(215)957-8575"
231;"Ronald";"Larson";"rlarson3n@pagesperso-orange.fr";"(850)925-2402"
232;"Louis";"Cunningham";"lcunningham3o@bravesites.com";"(309)839-6739"
233;"Kathryn";"Perez";"kperez3p@angelfire.com";"(806)987-0504"
234;"Randy";"Parker";"rparker3q@reddit.com";"(951)488-7542"
235;"Richard";"Arnold";"rarnold3r@nhs.uk";"(206)737-6446"
236;"Shawn";"Mendoza";"smendoza3s@wikipedia.org";"(786)928-4403"
237;"Christine";"Cox";"ccox3t@prweb.com";"(716)524-0663"
238;"Patricia";"Murray";"pmurray3u@deviantart.com";"(330)220-6719"
239;"Joyce";"Rivera";"jrivera3v@mail.ru";"(213)844-6935"
240;"Earl";"Carr";"ecarr3w@noaa.gov";"(702)362-6613"
241;"Lawrence";"Kelley";"lkelley3x@pen.io";"(502)652-8141"
242;"Matthew";"Gomez";"mgomez3y@upenn.edu";"(305)171-1156"
243;"Anthony";"Jacobs";"ajacobs3z@businesswire.com";"(215)633-0705"
244;"Diane";"Jenkins";"djenkins40@nydailynews.com";"(812)919-1806"
245;"Kimberly";"Harvey";"kharvey41@arstechnica.com";"(718)977-2965"
246;"Joseph";"Garcia";"jgarcia42@stanford.edu";"(754)478-7503"
247;"Antonio";"Gutierrez";"agutierrez43@moonfruit.com";"(405)431-0433"
248;"Anna";"Wallace";"awallace44@mapquest.com";"(941)539-8620"
249;"Harold";"Young";"hyoung45@google.com.au";"(862)881-0790"
250;"Alice";"Fisher";"afisher46@wikipedia.org";"(619)750-9376"
251;"Kathy";"Duncan";"kduncan47@naver.com";"(251)503-2454"
252;"Mildred";"Williams";"mwilliams48@sun.com";"(661)691-6057"
253;"Teresa";"Reed";"treed49@prnewswire.com";"(619)152-4245"
254;"Anthony";"King";"aking4a@wp.com";"(281)318-2460"
255;"Tina";"Kelley";"tkelley4b@slate.com";"(214)711-7757"
256;"Ashley";"Vasquez";"avasquez4c@dailymail.co.uk";"(904)224-2121"
257;"Ann";"Woods";"awoods4d@simplemachines.org";"(915)107-9976"
258;"Daniel";"Hicks";"dhicks4e@kickstarter.com";"(402)869-0401"
259;"Debra";"Jones";"djones4f@weibo.com";"(914)467-2219"
260;"Norma";"Lawson";"nlawson4g@netlog.com";"(215)213-8307"
261;"Elizabeth";"Robertson";"erobertson4h@state.tx.us";"(210)219-3930"
262;"Paul";"Ray";"pray4i@sogou.com";"(202)341-0847"
263;"Cynthia";"Wallace";"cwallace4j@themeforest.net";"(386)362-3268"
264;"Larry";"Burns";"lburns4k@a8.net";"(901)790-7398"
265;"Julia";"Morrison";"jmorrison4l@sciencedirect.com";"(765)263-2600"
266;"David";"Lee";"dlee4m@themeforest.net";"(510)791-8035"
267;"Virginia";"Romero";"vromero4n@creativecommons.org";"(401)279-0610"
268;"Anne";"Campbell";"acampbell4o@blogger.com";"(262)720-2274"
269;"Beverly";"Lee";"blee4p@themeforest.net";"(937)483-5590"
270;"Harold";"Scott";"hscott4q@goodreads.com";"(312)537-8461"
271;"Lois";"Edwards";"ledwards4r@dagondesign.com";"(586)930-0475"
272;"Mary";"Reid";"mreid4s@nationalgeographic.com";"(803)297-6146"
273;"Emily";"Patterson";"epatterson4t@dailymotion.com";"(254)842-1714"
274;"Jean";"Stanley";"jstanley4u@sogou.com";"(971)114-7204"
275;"James";"Watkins";"jwatkins4v@discuz.net";"(727)429-0276"
276;"Christopher";"Ramos";"cramos4w@sciencedirect.com";"(406)105-5737"
277;"Jessica";"Green";"jgreen4x@foxnews.com";"(210)732-4312"
278;"Michelle";"Black";"mblack4y@canalblog.com";"(909)961-8703"
279;"Ernest";"Thompson";"ethompson4z@apple.com";"(917)470-7912"
280;"Katherine";"Johnston";"kjohnston50@smugmug.com";"(212)835-6059"
281;"Douglas";"Dean";"ddean51@yelp.com";"(786)516-8021"
282;"Anne";"Welch";"awelch52@newsvine.com";"(504)460-7093"
283;"Harold";"Patterson";"hpatterson53@amazon.de";"(602)840-8521"
284;"Doris";"Oliver";"doliver54@aol.com";"(215)992-5766"
285;"Rebecca";"Wright";"rwright55@shutterfly.com";"(517)253-0435"
286;"Kenneth";"Fox";"kfox56@paginegialle.it";"(928)349-0482"
287;"Samuel";"Harper";"sharper57@bloomberg.com";"(314)303-6004"
288;"Jacqueline";"Ryan";"jryan58@dropbox.com";"(407)731-3293"
289;"Teresa";"Garcia";"tgarcia59@friendfeed.com";"(971)249-6572"
290;"Sarah";"Matthews";"smatthews5a@usatoday.com";"(240)241-4667"
291;"Martin";"Hicks";"mhicks5b@topsy.com";"(202)341-2663"
292;"Roger";"Welch";"rwelch5c@globo.com";"(517)291-9112"
293;"Denise";"Fernandez";"dfernandez5d@dedecms.com";"(509)137-0526"
294;"Jerry";"Dixon";"jdixon5e@ed.gov";"(423)909-3890"
295;"Patrick";"Rivera";"privera5f@ning.com";"(412)305-9063"
296;"Jack";"Hudson";"jhudson5g@wufoo.com";"(956)915-8711"
297;"George";"Cook";"gcook5h@rediff.com";"(616)962-6300"
298;"Johnny";"Johnston";"jjohnston5i@dion.ne.jp";"(515)221-3729"
299;"Bruce";"Perez";"bperez5j@netlog.com";"(801)710-8211"
301;"Amanda";"Morrison";"amorrison5l@1688.com";"(408)574-1126"
302;"Deborah";"Kennedy";"dkennedy5m@msn.com";"(937)133-3235"
303;"Fred";"Martinez";"fmartinez5n@irs.gov";"(202)976-3041"
304;"Laura";"Chavez";"lchavez5o@washington.edu";"(401)680-8118"
305;"Jack";"White";"jwhite5p@google.com";"(317)288-2348"
306;"Andrew";"Lewis";"alewis5q@sina.com.cn";"(316)870-5446"
307;"Jack";"Foster";"jfoster5r@mozilla.com";"(816)345-0538"
308;"Alice";"Gutierrez";"agutierrez5s@fda.gov";"(785)635-5145"
309;"Bobby";"Ray";"bray5t@google.ca";"(907)483-8188"
310;"Heather";"Ellis";"hellis5u@123-reg.co.uk";"(410)265-3794"
311;"Karen";"Porter";"kporter5v@yandex.ru";"(720)805-7418"
312;"Robert";"Larson";"rlarson5w@wikispaces.com";"(504)853-5944"
313;"William";"Murphy";"wmurphy5x@uiuc.edu";"(903)678-5276"
314;"Jerry";"Collins";"jcollins5y@tripod.com";"(559)707-6751"
315;"Julia";"Freeman";"jfreeman5z@delicious.com";"(513)390-4199"
316;"Denise";"Armstrong";"darmstrong60@mediafire.com";"(850)138-2065"
317;"Ruth";"Morris";"rmorris61@whitehouse.gov";"(405)986-4530"
318;"Johnny";"Butler";"jbutler62@yolasite.com";"(786)743-1707"
319;"Tina";"Jackson";"tjackson63@narod.ru";"(305)791-7531"
320;"Alan";"Lawson";"alawson64@livejournal.com";"(816)804-1726"
321;"Denise";"Myers";"dmyers65@ucoz.com";"(202)646-6358"
322;"Brenda";"Day";"bday66@myspace.com";"(814)920-1804"
323;"Peter";"Hall";"phall67@ca.gov";"(405)690-9653"
324;"Frank";"Bell";"fbell68@sbwire.com";"(501)787-6038"
325;"George";"Castillo";"gcastillo69@360.cn";"(865)335-3279"
326;"Margaret";"Dunn";"mdunn6a@topsy.com";"(602)971-3895"
327;"Jason";"Owens";"jowens6b@wiley.com";"(608)283-7109"
328;"Brenda";"Kelly";"bkelly6c@boston.com";"(865)239-5945"
329;"Lillian";"Green";"lgreen6d@cdc.gov";"(719)750-8514"
330;"Paula";"Campbell";"pcampbell6e@scientificamerican.com";"(203)981-1637"
331;"Jessica";"Dean";"jdean6f@wiley.com";"(336)567-4477"
332;"Jennifer";"Davis";"jdavis6g@elpais.com";"(210)288-0844"
333;"Nicole";"Hanson";"nhanson6h@so-net.ne.jp";"(361)164-4430"
334;"Lois";"Warren";"lwarren6i@intel.com";"(205)922-6347"
335;"Wayne";"Shaw";"wshaw6j@cbsnews.com";"(850)377-5441"
336;"Aaron";"Robertson";"arobertson6k@wunderground.com";"(218)477-5056"
337;"Harry";"Watkins";"hwatkins6l@oracle.com";"(217)811-0247"
338;"Michael";"Johnston";"mjohnston6m@prweb.com";"(404)535-2335"
339;"Terry";"Wood";"twood6n@geocities.com";"(210)847-1508"
340;"Daniel";"Chapman";"dchapman6o@163.com";"(424)275-3503"
341;"Richard";"Hart";"rhart6p@qq.com";"(603)699-0721"
342;"Patrick";"Barnes";"pbarnes6q@washingtonpost.com";"(641)467-3797"
343;"Raymond";"Brooks";"rbrooks6r@desdev.cn";"(810)307-5152"
344;"Peter";"Anderson";"panderson6s@ihg.com";"(626)334-3126"
345;"Jessica";"Grant";"jgrant6t@psu.edu";"(410)279-2385"
346;"Linda";"Parker";"lparker6u@hexun.com";"(334)830-3103"
347;"Brandon";"Elliott";"belliott6v@yellowbook.com";"(312)468-6917"
348;"Gloria";"Marshall";"gmarshall6w@bandcamp.com";"(626)788-3519"
349;"Judith";"Kelly";"jkelly6x@abc.net.au";"(510)477-7211"
350;"Jimmy";"Johnston";"jjohnston6y@lycos.com";"(847)498-1986"
351;"Mark";"Adams";"madams6z@eepurl.com";"(330)390-7984"
352;"Debra";"Rice";"drice70@jugem.jp";"(941)187-2482"
353;"Helen";"Stephens";"hstephens71@ucoz.com";"(202)918-1205"
354;"Kathy";"Harris";"kharris72@privacy.gov.au";"(401)772-3797"
355;"Thomas";"Carter";"tcarter73@imdb.com";"(915)404-8800"
356;"Frances";"Fields";"ffields74@edublogs.org";"(410)601-3685"
357;"Jacqueline";"Hawkins";"jhawkins75@eventbrite.com";"(602)640-6417"
358;"Janet";"Morgan";"jmorgan76@icq.com";"(952)733-0296"
359;"Ruth";"Garcia";"rgarcia77@fc2.com";"(215)987-0528"
360;"Carlos";"Hicks";"chicks78@upenn.edu";"(330)596-3441"
361;"Juan";"Wagner";"jwagner79@ihg.com";"(816)794-0480"
362;"Linda";"Fields";"lfields7a@cornell.edu";"(804)662-9990"
363;"Lori";"Wood";"lwood7b@java.com";"(615)919-7431"
364;"Stephen";"Jacobs";"sjacobs7c@dedecms.com";"(803)274-2391"
365;"Randy";"Williams";"rwilliams7d@scientificamerican.com";"(626)373-9914"
366;"Brandon";"Black";"bblack7e@com.com";"(816)541-5044"
367;"Jonathan";"Price";"jprice7f@sohu.com";"(225)386-6082"
368;"Brandon";"Rose";"brose7g@dailymotion.com";"(520)692-8406"
369;"Daniel";"Franklin";"dfranklin7h@mapy.cz";"(404)861-0120"
370;"Marie";"Romero";"mromero7i@fotki.com";"(917)433-5318"
371;"Melissa";"Wheeler";"mwheeler7j@jimdo.com";"(516)641-4662"
372;"Fred";"Morris";"fmorris7k@yandex.ru";"(202)992-8383"
373;"Michael";"Burke";"mburke7l@spiegel.de";"(765)699-6462"
374;"Sara";"Phillips";"sphillips7m@bloglovin.com";"(804)171-1256"
375;"Angela";"Hernandez";"ahernandez7n@furl.net";"(860)450-9884"
376;"Patricia";"Carroll";"pcarroll7o@jiathis.com";"(661)496-7816"
377;"Emily";"Ryan";"eryan7p@dmoz.org";"(754)154-3364"
378;"Joan";"Stone";"jstone7q@furl.net";"(202)785-1176"
379;"Joshua";"Rivera";"jrivera7r@sakura.ne.jp";"(202)351-0177"
380;"Amanda";"Bowman";"abowman7s@barnesandnoble.com";"(816)919-3527"
381;"Stephen";"Gray";"sgray7t@kickstarter.com";"(919)992-0939"
382;"Sean";"Rodriguez";"srodriguez7u@oakley.com";"(813)971-9753"
383;"Sandra";"Patterson";"spatterson7v@unc.edu";"(850)181-9843"
384;"Rose";"Nichols";"rnichols7w@princeton.edu";"(516)516-9453"
385;"Stephanie";"Wallace";"swallace7x@ow.ly";"(305)712-5316"
386;"Anthony";"Carter";"acarter7y@newyorker.com";"(480)342-8896"
387;"Timothy";"Powell";"tpowell7z@ocn.ne.jp";"(239)709-4562"
388;"Albert";"Baker";"abaker80@dagondesign.com";"(202)605-5298"
389;"Jerry";"Bailey";"jbailey81@usgs.gov";"(507)746-0956"
390;"Heather";"Murphy";"hmurphy82@wiley.com";"(847)103-7136"
391;"Patricia";"Perez";"pperez83@hp.com";"(814)169-5409"
392;"Brian";"Sullivan";"bsullivan84@multiply.com";"(202)804-6133"
393;"Aaron";"Taylor";"ataylor85@pbs.org";"(210)195-9947"
394;"Frances";"Jones";"fjones86@wired.com";"(361)941-0866"
395;"Diana";"Hicks";"dhicks87@bloglovin.com";"(513)289-6421"
396;"Thomas";"Griffin";"tgriffin88@smugmug.com";"(801)631-7393"
397;"Jonathan";"Turner";"jturner89@fc2.com";"(310)968-4752"
398;"Jeremy";"Robinson";"jrobinson8a@gnu.org";"(616)146-1693"
399;"David";"Robertson";"drobertson8b@istockphoto.com";"(404)982-4393"
400;"Joseph";"Hernandez";"jhernandez8c@csmonitor.com";"(518)629-2427"
401;"Robin";"Duncan";"rduncan8d@about.me";"(601)773-9702"
402;"Jonathan";"West";"jwest8e@com.com";"(225)728-5202"
403;"Carolyn";"Welch";"cwelch8f@admin.ch";"(206)968-7596"
404;"Laura";"Henry";"lhenry8g@dell.com";"(718)549-9594"
405;"Dennis";"Chapman";"dchapman8h@arstechnica.com";"(816)107-7514"
406;"Lisa";"Cunningham";"lcunningham8i@jiathis.com";"(216)934-5320"
407;"Kimberly";"Cole";"kcole8j@usda.gov";"(305)883-6358"
408;"Douglas";"Gutierrez";"dgutierrez8k@uiuc.edu";"(901)577-9316"
409;"Laura";"Daniels";"ldaniels8l@huffingtonpost.com";"(713)826-4245"
410;"Patricia";"Palmer";"ppalmer8m@umn.edu";"(785)428-8929"
411;"Steven";"Gonzalez";"sgonzalez8n@diigo.com";"(609)748-9885"
412;"Susan";"Peterson";"speterson8o@rambler.ru";"(208)978-7534"
413;"Angela";"Crawford";"acrawford8p@com.com";"(305)341-2557"
414;"Sean";"Carpenter";"scarpenter8q@theguardian.com";"(818)140-3235"
415;"Bruce";"Morrison";"bmorrison8r@discovery.com";"(414)780-5303"
416;"Martin";"Stone";"mstone8s@nhs.uk";"(210)956-2029"
417;"Roger";"Nichols";"rnichols8t@jigsy.com";"(217)758-7405"
418;"Gerald";"Parker";"gparker8u@bravesites.com";"(865)227-4007"
419;"Rebecca";"Garza";"rgarza8v@toplist.cz";"(202)118-9652"
420;"Henry";"Edwards";"hedwards8w@skype.com";"(513)820-6199"
421;"Stephen";"Jones";"sjones8x@shop-pro.jp";"(202)181-6945"
422;"Ernest";"Hanson";"ehanson8y@thetimes.co.uk";"(516)756-1345"
423;"Keith";"Nelson";"knelson8z@wisc.edu";"(202)724-6750"
424;"Anthony";"Spencer";"aspencer90@51.la";"(214)254-6868"
425;"Randy";"Richardson";"rrichardson91@businessinsider.com";"(202)898-2792"
426;"Gregory";"Wagner";"gwagner92@yellowpages.com";"(302)507-5744"
427;"Bobby";"Pierce";"bpierce93@disqus.com";"(615)858-9602"
428;"Steven";"Kim";"skim94@walmart.com";"(573)555-4056"
429;"Andrew";"Harris";"aharris95@devhub.com";"(414)973-9229"
430;"Gregory";"Freeman";"gfreeman96@github.io";"(205)616-0582"
431;"Daniel";"Cooper";"dcooper97@csmonitor.com";"(619)485-7418"
432;"Amanda";"Ramirez";"aramirez98@businessweek.com";"(724)519-5401"
433;"Jacqueline";"Green";"jgreen99@squidoo.com";"(865)613-4386"
434;"Virginia";"Hall";"vhall9a@mediafire.com";"(714)785-5364"
435;"Judith";"Chavez";"jchavez9b@adobe.com";"(619)586-9390"
436;"Joseph";"Walker";"jwalker9c@nature.com";"(209)601-2243"
437;"Gerald";"Mills";"gmills9d@businessinsider.com";"(937)460-2481"
438;"Lawrence";"James";"ljames9e@skype.com";"(336)789-6594"
439;"Jeffrey";"Stephens";"jstephens9f@tumblr.com";"(530)986-7515"
440;"Kathy";"Clark";"kclark9g@goodreads.com";"(804)307-8698"
441;"Robin";"Thompson";"rthompson9h@engadget.com";"(404)991-0545"
442;"Joan";"Burns";"jburns9i@bbb.org";"(801)956-4231"
443;"Judy";"Hamilton";"jhamilton9j@liveinternet.ru";"(321)165-6295"
444;"Ruth";"Holmes";"rholmes9k@un.org";"(682)692-3345"
445;"Laura";"Fuller";"lfuller9l@360.cn";"(808)364-8905"
446;"Henry";"Jacobs";"hjacobs9m@spotify.com";"(989)402-9133"
447;"Theresa";"Ross";"tross9n@list-manage.com";"(850)543-7557"
448;"James";"Lawrence";"jlawrence9o@gov.uk";"(321)374-6492"
449;"Jonathan";"Gutierrez";"jgutierrez9p@bbc.co.uk";"(901)660-5327"
450;"Janice";"Lopez";"jlopez9q@hao123.com";"(202)720-2383"
451;"Joe";"Perkins";"jperkins9r@foxnews.com";"(605)511-1142"
452;"Elizabeth";"Harper";"eharper9s@liveinternet.ru";"(661)615-8413"
453;"Raymond";"Payne";"rpayne9t@alexa.com";"(203)523-2847"
454;"Anna";"Porter";"aporter9u@nymag.com";"(843)600-7378"
455;"Ernest";"Long";"elong9v@t.co";"(720)382-1349"
456;"Gerald";"Watkins";"gwatkins9w@nature.com";"(918)417-6466"
457;"Mary";"Jacobs";"mjacobs9x@artisteer.com";"(240)789-6717"
458;"Susan";"Bailey";"sbailey9y@themeforest.net";"(651)927-3301"
459;"Kimberly";"Garrett";"kgarrett9z@pen.io";"(202)500-1660"
460;"Daniel";"Riley";"drileya0@zimbio.com";"(210)454-9680"
461;"Albert";"Cunningham";"acunninghama1@quantcast.com";"(603)279-6211"
462;"Gloria";"Lopez";"glopeza2@sakura.ne.jp";"(208)824-4283"
463;"Sharon";"Morrison";"smorrisona3@unc.edu";"(646)415-3322"
464;"Arthur";"Andrews";"aandrewsa4@360.cn";"(417)821-4627"
465;"Jennifer";"Payne";"jpaynea5@lycos.com";"(816)523-5509"
466;"Matthew";"Turner";"mturnera6@newyorker.com";"(914)717-9386"
467;"Elizabeth";"Little";"elittlea7@eepurl.com";"(540)540-6292"
468;"Billy";"Roberts";"brobertsa8@dropbox.com";"(336)465-3765"
469;"Emily";"Mitchell";"emitchella9@cbsnews.com";"(608)447-5137"
470;"Maria";"Moore";"mmooreaa@census.gov";"(909)589-5273"
471;"Phyllis";"Elliott";"pelliottab@google.com";"(347)781-9849"
472;"Theresa";"Moreno";"tmorenoac@privacy.gov.au";"(347)422-3947"
473;"Ruth";"Mitchell";"rmitchellad@goo.ne.jp";"(858)321-7848"
474;"Virginia";"Robertson";"vrobertsonae@newyorker.com";"(559)550-3580"
475;"Marie";"Fox";"mfoxaf@washington.edu";"(484)673-3879"
476;"Gerald";"Harris";"gharrisag@apache.org";"(315)893-5102"
477;"Edward";"Howell";"ehowellah@sun.com";"(585)503-8345"
478;"Barbara";"Black";"bblackai@wired.com";"(918)786-8611"
479;"Aaron";"Perry";"aperryaj@altervista.org";"(714)497-0043"
480;"Alan";"Cooper";"acooperak@github.io";"(815)806-1855"
481;"Frances";"Hamilton";"fhamiltonal@infoseek.co.jp";"(213)641-2115"
482;"Andrew";"Ramos";"aramosam@plala.or.jp";"(214)532-8224"
483;"Sara";"Henry";"shenryan@webs.com";"(713)137-4184"
484;"Kathryn";"Armstrong";"karmstrongao@diigo.com";"(904)351-9615"
485;"Rebecca";"Rose";"rroseap@4shared.com";"(919)408-6031"
486;"Billy";"Martinez";"bmartinezaq@vk.com";"(210)548-4930"
487;"Jeffrey";"Robertson";"jrobertsonar@flickr.com";"(915)896-1356"
488;"Sandra";"Wells";"swellsas@google.es";"(419)864-5479"
489;"Willie";"Lewis";"wlewisat@slate.com";"(217)975-8849"
490;"Jerry";"Shaw";"jshawau@alexa.com";"(203)194-1501"
491;"Terry";"Romero";"tromeroav@macromedia.com";"(832)147-8898"
492;"Jeremy";"Day";"jdayaw@gizmodo.com";"(814)512-6644"
493;"Fred";"Oliver";"foliverax@jalbum.net";"(786)698-2407"
494;"Brenda";"Jenkins";"bjenkinsay@vimeo.com";"(205)605-4152"
495;"Joe";"Dixon";"jdixonaz@yahoo.co.jp";"(804)216-5033"
496;"Debra";"Adams";"dadamsb0@marriott.com";"(309)762-1940"
497;"Ernest";"Carpenter";"ecarpenterb1@earthlink.net";"(479)531-2306"
498;"Ronald";"Ryan";"rryanb2@tripod.com";"(301)407-6097"
499;"Peter";"Dunn";"pdunnb3@phpbb.com";"(916)355-7304"
500;"Julia";"Olson";"jolsonb4@imageshack.us";"(702)220-7009"
501;"Frances";"Jones";"fjonesb5@ebay.com";"(502)999-9280"
502;"Irene";"Meyer";"imeyerb6@ihg.com";"(443)248-7416"
503;"Carl";"Armstrong";"carmstrongb7@mlb.com";"(610)567-0842"
504;"Michelle";"Dean";"mdeanb8@accuweather.com";"(330)762-5039"
505;"Anne";"James";"ajamesb9@moonfruit.com";"(434)648-0657"
506;"Donna";"Austin";"daustinba@latimes.com";"(540)764-1677"
507;"Janet";"Crawford";"jcrawfordbb@desdev.cn";"(202)609-4419"
508;"Randy";"Gonzales";"rgonzalesbc@imageshack.us";"(650)617-6564"
509;"Bonnie";"Grant";"bgrantbd@dmoz.org";"(415)734-3387"
510;"Jason";"Morris";"jmorrisbe@google.com.hk";"(954)149-4128"
511;"Kenneth";"Matthews";"kmatthewsbf@businessinsider.com";"(734)605-8550"
512;"Norma";"Sanders";"nsandersbg@guardian.co.uk";"(234)961-6542"
513;"Debra";"Johnston";"djohnstonbh@nature.com";"(806)126-9188"
514;"Ruby";"Smith";"rsmithbi@nifty.com";"(517)273-3058"
515;"Emily";"Lane";"elanebj@psu.edu";"(860)743-1903"
516;"Judith";"Rice";"jricebk@springer.com";"(304)800-7671"
517;"Donald";"Bryant";"dbryantbl@live.com";"(304)861-5442"
518;"Beverly";"Ross";"brossbm@tumblr.com";"(202)100-8287"
519;"Adam";"Warren";"awarrenbn@seattletimes.com";"(816)751-4811"
520;"Diana";"Stewart";"dstewartbo@auda.org.au";"(804)924-8362"
521;"Timothy";"Kelley";"tkelleybp@discovery.com";"(406)455-7552"
522;"Joan";"Cruz";"jcruzbq@parallels.com";"(605)581-4469"
523;"Bonnie";"Smith";"bsmithbr@sina.com.cn";"(406)848-0856"
524;"Susan";"Rose";"srosebs@netscape.com";"(419)939-2052"
525;"William";"Murray";"wmurraybt@pen.io";"(801)175-2713"
526;"Jeffrey";"Fields";"jfieldsbu@patch.com";"(209)277-8099"
527;"Keith";"Powell";"kpowellbv@google.com.hk";"(407)962-8461"
528;"Adam";"Wood";"awoodbw@so-net.ne.jp";"(225)718-5504"
529;"Charles";"Shaw";"cshawbx@php.net";"(915)348-4601"
530;"Joseph";"Henderson";"jhendersonby@godaddy.com";"(862)405-9013"
531;"Christopher";"Perez";"cperezbz@taobao.com";"(956)166-6480"
532;"Eric";"Reed";"ereedc0@marketwatch.com";"(720)701-9224"
533;"Ann";"Gordon";"agordonc1@ehow.com";"(214)640-5555"
534;"Martha";"Bell";"mbellc2@jalbum.net";"(505)985-7610"
535;"Bruce";"Simmons";"bsimmonsc3@google.com.br";"(540)250-7114"
536;"Terry";"Flores";"tfloresc4@eventbrite.com";"(309)302-7907"
537;"Philip";"Olson";"polsonc5@clickbank.net";"(515)709-3451"
538;"Terry";"Hansen";"thansenc6@yolasite.com";"(303)194-8712"
539;"Denise";"Simpson";"dsimpsonc7@sina.com.cn";"(508)177-0967"
540;"Tammy";"Kennedy";"tkennedyc8@buzzfeed.com";"(253)574-7585"
541;"Russell";"Parker";"rparkerc9@instagram.com";"(773)577-5762"
542;"Melissa";"Greene";"mgreeneca@artisteer.com";"(561)285-8258"
543;"Roger";"Ross";"rrosscb@scientificamerican.com";"(585)384-1593"
544;"Patrick";"Snyder";"psnydercc@tiny.cc";"(904)947-9183"
545;"Rose";"Martin";"rmartincd@blogger.com";"(860)996-6365"
546;"Todd";"Evans";"tevansce@canalblog.com";"(205)630-9499"
547;"Sharon";"Martin";"smartincf@dell.com";"(512)759-7202"
548;"Jerry";"Vasquez";"jvasquezcg@lycos.com";"(203)203-5497"
549;"Phyllis";"Ray";"praych@vinaora.com";"(501)824-6123"
550;"Patrick";"Ross";"prossci@usa.gov";"(518)368-4965"
551;"Benjamin";"Henry";"bhenrycj@google.ca";"(510)448-6416"
552;"Paul";"Carpenter";"pcarpenterck@nps.gov";"(314)140-2700"
553;"Ronald";"Gardner";"rgardnercl@cam.ac.uk";"(480)923-4726"
554;"Terry";"Boyd";"tboydcm@ucsd.edu";"(260)551-6698"
555;"Sandra";"Willis";"swilliscn@shareasale.com";"(602)137-5000"
556;"Bruce";"Gonzales";"bgonzalesco@indiatimes.com";"(713)874-9892"
557;"Cynthia";"Greene";"cgreenecp@wired.com";"(815)507-1888"
558;"Kimberly";"Carpenter";"kcarpentercq@boston.com";"(512)786-9364"
559;"Brandon";"Murray";"bmurraycr@blinklist.com";"(601)801-2195"
560;"Barbara";"Castillo";"bcastillocs@google.co.uk";"(213)453-2569"
561;"Kelly";"Campbell";"kcampbellct@google.com.br";"(213)990-4050"
562;"Emily";"Parker";"eparkercu@netlog.com";"(775)482-0040"
563;"Wanda";"Hart";"whartcv@latimes.com";"(520)140-5224"
564;"Catherine";"Richards";"crichardscw@sun.com";"(904)561-7770"
565;"Gregory";"Perez";"gperezcx@e-recht24.de";"(919)484-9651"
566;"Tina";"Wagner";"twagnercy@dropbox.com";"(520)390-9334"
567;"Amanda";"Brown";"abrowncz@fc2.com";"(304)955-9533"
568;"Sarah";"Gray";"sgrayd0@clickbank.net";"(816)818-1111"
569;"Robert";"Carr";"rcarrd1@flavors.me";"(510)889-6250"
570;"Patrick";"Weaver";"pweaverd2@hud.gov";"(646)895-9070"
571;"Patricia";"Lopez";"plopezd3@ebay.co.uk";"(936)725-7703"
572;"Theresa";"Jacobs";"tjacobsd4@bigcartel.com";"(339)252-0050"
573;"Deborah";"Sanchez";"dsanchezd5@flickr.com";"(214)164-2692"
574;"Stephanie";"Reid";"sreidd6@dailymotion.com";"(713)155-1409"
575;"Douglas";"Smith";"dsmithd7@geocities.jp";"(419)138-5668"
576;"Ralph";"Burke";"rburked8@bloomberg.com";"(260)219-8499"
577;"Irene";"Mills";"imillsd9@domainmarket.com";"(202)810-3501"
578;"Kevin";"Burns";"kburnsda@weather.com";"(316)674-4376"
579;"Carol";"Moreno";"cmorenodb@tripadvisor.com";"(402)429-0005"
580;"Thomas";"Fisher";"tfisherdc@creativecommons.org";"(724)383-1510"
581;"Frank";"Harper";"fharperdd@artisteer.com";"(916)164-4534"
582;"Thomas";"Watkins";"twatkinsde@wsj.com";"(405)636-2338"
583;"Lois";"Bailey";"lbaileydf@amazon.de";"(540)465-2290"
584;"Samuel";"Dean";"sdeandg@naver.com";"(504)859-6848"
585;"Louise";"Sanders";"lsandersdh@blogspot.com";"(510)730-7157"
586;"Harold";"Hamilton";"hhamiltondi@exblog.jp";"(704)935-8575"
587;"Rebecca";"James";"rjamesdj@nationalgeographic.com";"(864)431-5923"
588;"Lawrence";"Campbell";"lcampbelldk@photobucket.com";"(323)821-5572"
589;"Joan";"Carroll";"jcarrolldl@princeton.edu";"(816)641-2460"
590;"Heather";"Green";"hgreendm@google.fr";"(781)145-6845"
591;"Cheryl";"Thomas";"cthomasdn@flickr.com";"(706)554-3024"
592;"Tammy";"Medina";"tmedinado@prweb.com";"(305)293-8233"
593;"Cheryl";"Meyer";"cmeyerdp@google.co.uk";"(234)470-5514"
594;"Patrick";"Nichols";"pnicholsdq@techcrunch.com";"(914)595-5517"
595;"Lillian";"Brown";"lbrowndr@altervista.org";"(713)987-4016"
596;"Wayne";"Holmes";"wholmesds@twitter.com";"(702)423-8349"
597;"Roger";"Martinez";"rmartinezdt@arizona.edu";"(757)671-6822"
598;"Shawn";"Shaw";"sshawdu@cam.ac.uk";"(408)867-9785"
599;"Willie";"Hayes";"whayesdv@uiuc.edu";"(304)104-9558"
600;"Phyllis";"Thomas";"pthomasdw@storify.com";"(919)965-4986"
601;"Lori";"Harris";"lharrisdx@ed.gov";"(513)658-7232"
602;"Maria";"Knight";"mknightdy@elegantthemes.com";"(518)601-6179"
603;"Sara";"Greene";"sgreenedz@upenn.edu";"(256)576-0303"
604;"Christine";"Garza";"cgarzae0@harvard.edu";"(857)340-7077"
605;"Victor";"Bishop";"vbishope1@cloudflare.com";"(865)168-9847"
606;"Heather";"Gardner";"hgardnere2@nydailynews.com";"(217)356-9483"
607;"Richard";"Fox";"rfoxe3@soup.io";"(217)756-8116"
608;"Ann";"Howell";"ahowelle4@eepurl.com";"(816)186-5810"
609;"Fred";"Murray";"fmurraye5@imageshack.us";"(414)726-3059"
610;"Martin";"Reid";"mreide6@google.it";"(773)826-7312"
611;"Eugene";"Powell";"epowelle7@cloudflare.com";"(615)749-9599"
612;"Gerald";"Bailey";"gbaileye8@un.org";"(209)696-6975"
613;"Steve";"Snyder";"ssnydere9@nba.com";"(719)581-1405"
614;"Patricia";"Hanson";"phansonea@wired.com";"(251)180-5140"
615;"Peter";"Hansen";"phanseneb@latimes.com";"(202)950-5681"
616;"Barbara";"Hansen";"bhansenec@google.com.hk";"(817)456-5787"
617;"Andrew";"Jacobs";"ajacobsed@sina.com.cn";"(310)218-4850"
618;"Kimberly";"Medina";"kmedinaee@ucsd.edu";"(208)841-8902"
619;"Jerry";"Cruz";"jcruzef@nytimes.com";"(952)179-8266"
620;"Joan";"Taylor";"jtayloreg@sina.com.cn";"(850)365-1386"
621;"Betty";"Johnston";"bjohnstoneh@istockphoto.com";"(434)891-9736"
622;"Louise";"Burns";"lburnsei@google.com.br";"(347)403-4522"
623;"Anna";"Martinez";"amartinezej@about.me";"(213)627-9002"
624;"Johnny";"Lee";"jleeek@mit.edu";"(812)950-4214"
625;"Wanda";"Carroll";"wcarrollel@blogtalkradio.com";"(916)315-8275"
626;"Dorothy";"Sanders";"dsandersem@about.com";"(303)426-2329"
627;"Julie";"Romero";"jromeroen@topsy.com";"(202)561-9129"
628;"Patrick";"Cole";"pcoleeo@blogtalkradio.com";"(209)355-6664"
629;"Rebecca";"West";"rwestep@cnet.com";"(440)135-5809"
630;"Jessica";"Perez";"jperezeq@apple.com";"(585)352-7177"
631;"Harry";"Reed";"hreeder@tamu.edu";"(513)886-5885"
632;"Doris";"Dean";"ddeanes@typepad.com";"(716)604-0353"
633;"Michelle";"Scott";"mscottet@nyu.edu";"(408)971-5275"
634;"Julia";"Griffin";"jgriffineu@rakuten.co.jp";"(304)874-0004"
635;"Jesse";"Bell";"jbellev@jigsy.com";"(202)876-7320"
636;"Diane";"Mills";"dmillsew@ihg.com";"(937)422-3768"
637;"Harold";"Simpson";"hsimpsonex@live.com";"(919)573-9537"
638;"Todd";"Rogers";"trogersey@live.com";"(917)571-0989"
639;"Denise";"Hamilton";"dhamiltonez@creativecommons.org";"(251)108-6104"
640;"Tina";"Banks";"tbanksf0@scientificamerican.com";"(816)540-5599"
641;"Evelyn";"Hart";"ehartf1@myspace.com";"(229)910-9064"
642;"Charles";"Green";"cgreenf2@example.com";"(760)538-0867"
643;"Joyce";"Day";"jdayf3@wix.com";"(912)123-9318"
644;"Patrick";"Gray";"pgrayf4@examiner.com";"(561)449-3694"
645;"Willie";"Kennedy";"wkennedyf5@edublogs.org";"(404)921-5928"
646;"Tammy";"Peterson";"tpetersonf6@networkadvertising.org";"(404)409-4764"
647;"Kathy";"Gordon";"kgordonf7@instagram.com";"(408)752-6397"
648;"Timothy";"Rivera";"triveraf8@usda.gov";"(918)804-5387"
649;"Helen";"Adams";"hadamsf9@dailymail.co.uk";"(615)490-0736"
650;"Cynthia";"Greene";"cgreenefa@epa.gov";"(402)613-1483"
651;"Randy";"Gonzales";"rgonzalesfb@ed.gov";"(510)265-1836"
652;"John";"Barnes";"jbarnesfc@accuweather.com";"(336)101-1687"
653;"Frank";"Hansen";"fhansenfd@dedecms.com";"(602)588-6704"
654;"Frances";"Holmes";"fholmesfe@constantcontact.com";"(504)810-1958"
655;"Howard";"Bailey";"hbaileyff@facebook.com";"(817)233-8550"
656;"James";"Wood";"jwoodfg@yandex.ru";"(320)994-5205"
657;"David";"Hicks";"dhicksfh@sohu.com";"(718)236-8755"
658;"Betty";"Johnson";"bjohnsonfi@ucoz.ru";"(559)928-6190"
659;"Pamela";"Ward";"pwardfj@tamu.edu";"(404)338-6336"
660;"Virginia";"Porter";"vporterfk@sogou.com";"(651)755-8900"
661;"Nancy";"Walker";"nwalkerfl@sphinn.com";"(202)930-9428"
662;"Walter";"Cooper";"wcooperfm@state.tx.us";"(559)229-5131"
663;"Pamela";"Thomas";"pthomasfn@hubpages.com";"(559)996-6930"
664;"Frances";"Ferguson";"ffergusonfo@google.com";"(770)864-4592"
665;"Jason";"Johnson";"jjohnsonfp@craigslist.org";"(316)392-8779"
666;"Alan";"Stephens";"astephensfq@prnewswire.com";"(304)416-4598"
667;"Tina";"Larson";"tlarsonfr@independent.co.uk";"(937)160-0581"
668;"Susan";"Stevens";"sstevensfs@linkedin.com";"(202)272-9949"
669;"Carl";"Arnold";"carnoldft@independent.co.uk";"(903)841-8253"
670;"Sandra";"Jones";"sjonesfu@cornell.edu";"(570)947-9113"
671;"Charles";"Ross";"crossfv@instagram.com";"(919)853-5491"
672;"Sharon";"Thompson";"sthompsonfw@indiegogo.com";"(941)937-9267"
673;"Ruby";"Turner";"rturnerfx@usda.gov";"(502)839-5524"
674;"Juan";"Lynch";"jlynchfy@timesonline.co.uk";"(336)954-1411"
675;"Amy";"Lawson";"alawsonfz@hubpages.com";"(832)879-9712"
676;"Doris";"Olson";"dolsong0@topsy.com";"(817)856-3451"
677;"Angela";"Jones";"ajonesg1@cbslocal.com";"(212)701-1810"
678;"Samuel";"Jordan";"sjordang2@altervista.org";"(434)586-2778"
679;"Todd";"Carpenter";"tcarpenterg3@google.es";"(704)772-3519"
680;"Marie";"Bowman";"mbowmang4@addthis.com";"(860)168-5569"
681;"Mary";"Morris";"mmorrisg5@g.co";"(937)682-3904"
682;"Douglas";"Banks";"dbanksg6@dell.com";"(217)145-5092"
683;"Lillian";"Coleman";"lcolemang7@uiuc.edu";"(360)507-8837"
684;"Keith";"Kelley";"kkelleyg8@wikimedia.org";"(413)894-8088"
685;"Robin";"Berry";"rberryg9@vistaprint.com";"(810)372-5963"
686;"Beverly";"Kennedy";"bkennedyga@europa.eu";"(516)422-6646"
687;"Irene";"Phillips";"iphillipsgb@wired.com";"(304)865-6537"
688;"Jeffrey";"Henderson";"jhendersongc@google.com.au";"(502)177-1864"
689;"Melissa";"Gilbert";"mgilbertgd@posterous.com";"(513)663-8348"
690;"Dennis";"Duncan";"dduncange@cnbc.com";"(515)863-3892"
691;"Katherine";"Black";"kblackgf@hud.gov";"(202)974-1364"
692;"Melissa";"Cox";"mcoxgg@squidoo.com";"(207)423-5752"
693;"Steven";"Schmidt";"sschmidtgh@seesaa.net";"(713)776-6912"
694;"Rose";"Hamilton";"rhamiltongi@weebly.com";"(239)135-3055"
695;"Stephen";"Davis";"sdavisgj@vinaora.com";"(517)534-7824"
696;"Sean";"Nelson";"snelsongk@twitter.com";"(203)546-5870"
697;"Clarence";"Washington";"cwashingtongl@abc.net.au";"(754)192-1724"
698;"Robert";"Perry";"rperrygm@engadget.com";"(734)798-3185"
699;"Doris";"Riley";"drileygn@alexa.com";"(361)745-7797"
700;"Billy";"Andrews";"bandrewsgo@economist.com";"(210)359-3328"
701;"Ruby";"Black";"rblackgp@foxnews.com";"(202)414-8311"
702;"Teresa";"Flores";"tfloresgq@columbia.edu";"(318)988-7907"
703;"Patrick";"Fisher";"pfishergr@rakuten.co.jp";"(404)859-9762"
704;"Christopher";"Brooks";"cbrooksgs@nbcnews.com";"(610)485-6596"
705;"Sean";"Carroll";"scarrollgt@fema.gov";"(352)438-0651"
706;"Walter";"Wood";"wwoodgu@about.me";"(281)492-3042"
707;"Tammy";"Shaw";"tshawgv@imdb.com";"(512)215-1263"
708;"Chris";"Martinez";"cmartinezgw@histats.com";"(319)178-6700"
709;"Patrick";"Chavez";"pchavezgx@ning.com";"(515)526-7060"
710;"Julie";"Schmidt";"jschmidtgy@google.com";"(704)125-2521"
711;"Kathryn";"Nguyen";"knguyengz@yahoo.co.jp";"(860)863-6657"
712;"Anthony";"Collins";"acollinsh0@latimes.com";"(662)767-0292"
713;"Eugene";"Gilbert";"egilberth1@go.com";"(916)525-1164"
714;"Kimberly";"Moreno";"kmorenoh2@chronoengine.com";"(718)740-5278"
715;"Victor";"Olson";"volsonh3@baidu.com";"(414)456-4740"
716;"Frank";"Gomez";"fgomezh4@wunderground.com";"(857)664-8537"
717;"Catherine";"Pierce";"cpierceh5@phoca.cz";"(202)116-9446"
718;"Doris";"Anderson";"dandersonh6@creativecommons.org";"(281)272-2846"
719;"Jeremy";"Gordon";"jgordonh7@businesswire.com";"(360)928-7253"
720;"Joan";"Berry";"jberryh8@amazon.co.jp";"(214)141-6608"
721;"Margaret";"Robinson";"mrobinsonh9@senate.gov";"(318)845-5129"
722;"Adam";"Ellis";"aellisha@usnews.com";"(682)338-0208"
723;"Frances";"Meyer";"fmeyerhb@harvard.edu";"(415)538-4552"
724;"Russell";"Wood";"rwoodhc@qq.com";"(302)492-2190"
725;"Deborah";"Gray";"dgrayhd@loc.gov";"(520)713-7339"
726;"Louise";"Hamilton";"lhamiltonhe@last.fm";"(937)571-9594"
727;"Denise";"Sanchez";"dsanchezhf@netlog.com";"(706)824-3110"
728;"Kathleen";"Rogers";"krogershg@zdnet.com";"(515)822-2977"
729;"Rachel";"Boyd";"rboydhh@thetimes.co.uk";"(202)450-4291"
730;"Jacqueline";"Griffin";"jgriffinhi@walmart.com";"(651)483-7688"
731;"Shawn";"Wright";"swrighthj@miibeian.gov.cn";"(334)694-8178"
732;"Harry";"Harper";"hharperhk@opensource.org";"(713)110-3963"
733;"Phillip";"Crawford";"pcrawfordhl@buzzfeed.com";"(202)386-0610"
734;"Cynthia";"Howard";"chowardhm@epa.gov";"(210)701-8473"
735;"Marilyn";"Andrews";"mandrewshn@washington.edu";"(816)860-2489"
736;"Rachel";"Rivera";"rriveraho@phpbb.com";"(419)362-4915"
737;"Willie";"Lee";"wleehp@baidu.com";"(816)364-4661"
738;"Lawrence";"Hudson";"lhudsonhq@yandex.ru";"(804)398-5994"
739;"Kenneth";"Patterson";"kpattersonhr@miibeian.gov.cn";"(512)244-7041"
740;"Nancy";"Garcia";"ngarciahs@i2i.jp";"(408)415-3482"
741;"Mark";"Ward";"mwardht@theatlantic.com";"(786)689-2922"
742;"William";"Clark";"wclarkhu@aboutads.info";"(913)582-8545"
743;"Kelly";"Martinez";"kmartinezhv@umn.edu";"(718)377-9332"
744;"Betty";"Jacobs";"bjacobshw@si.edu";"(816)628-2977"
745;"Kelly";"Williams";"kwilliamshx@printfriendly.com";"(202)603-2761"
746;"Carol";"Reed";"creedhy@google.ca";"(773)201-3337"
747;"Earl";"Taylor";"etaylorhz@wisc.edu";"(915)797-9070"
748;"Mildred";"Richardson";"mrichardsoni0@cnbc.com";"(816)113-5228"
749;"Edward";"Berry";"eberryi1@hp.com";"(515)209-4236"
750;"Robin";"Brooks";"rbrooksi2@phoca.cz";"(540)508-5977"
751;"Paula";"Gibson";"pgibsoni3@ow.ly";"(903)430-0030"
752;"Arthur";"Myers";"amyersi4@hc360.com";"(571)780-6633"
753;"Denise";"Davis";"ddavisi5@linkedin.com";"(512)109-3941"
754;"Alice";"Sanders";"asandersi6@toplist.cz";"(202)605-2723"
755;"Tammy";"Vasquez";"tvasquezi7@sphinn.com";"(256)345-5732"
756;"Karen";"Wright";"kwrighti8@vistaprint.com";"(813)981-7616"
757;"Jimmy";"Henderson";"jhendersoni9@vinaora.com";"(202)512-5462"
758;"Louis";"Martin";"lmartinia@is.gd";"(310)967-0344"
759;"Ernest";"Wilson";"ewilsonib@latimes.com";"(859)252-4340"
760;"Evelyn";"Ellis";"eellisic@psu.edu";"(907)119-3322"
761;"Howard";"Burke";"hburkeid@msn.com";"(718)385-9466"
762;"Louis";"Hicks";"lhicksie@goodreads.com";"(205)586-3322"
763;"Nancy";"Robinson";"nrobinsonif@t-online.de";"(405)564-2966"
764;"Albert";"Lawrence";"alawrenceig@google.com.hk";"(312)943-2951"
765;"Antonio";"Watson";"awatsonih@earthlink.net";"(321)430-8108"
766;"Joe";"Fowler";"jfowlerii@vk.com";"(321)636-1688"
767;"Debra";"Walker";"dwalkerij@apache.org";"(646)304-5175"
768;"Ruby";"Rice";"rriceik@mac.com";"(212)412-7951"
769;"Paul";"Ramirez";"pramirezil@deliciousdays.com";"(479)263-1129"
770;"Lori";"Vasquez";"lvasquezim@indiegogo.com";"(806)982-8354"
771;"Cynthia";"Gilbert";"cgilbertin@telegraph.co.uk";"(713)326-4721"
772;"Nicole";"Snyder";"nsnyderio@usda.gov";"(408)716-1378"
773;"Amanda";"Long";"alongip@wikia.com";"(612)371-9804"
774;"Donna";"Stanley";"dstanleyiq@biglobe.ne.jp";"(254)351-4403"
775;"Julie";"Peterson";"jpetersonir@vkontakte.ru";"(814)820-6855"
776;"Marilyn";"Arnold";"marnoldis@flavors.me";"(678)593-8012"
777;"Kathryn";"Martinez";"kmartinezit@nba.com";"(330)303-3626"
778;"Earl";"Peterson";"epetersoniu@g.co";"(440)324-2855"
779;"Denise";"Fox";"dfoxiv@theatlantic.com";"(707)972-6734"
780;"Marilyn";"Gomez";"mgomeziw@xrea.com";"(408)821-8420"
781;"Ruby";"Young";"ryoungix@cyberchimps.com";"(609)672-8047"
782;"Barbara";"Watkins";"bwatkinsiy@netlog.com";"(915)561-5055"
783;"Brandon";"Adams";"badamsiz@deviantart.com";"(812)442-2232"
784;"Gloria";"Moreno";"gmorenoj0@amazon.co.jp";"(559)402-2637"
785;"Karen";"Turner";"kturnerj1@bing.com";"(713)789-6151"
786;"Denise";"Murray";"dmurrayj2@soundcloud.com";"(301)833-0082"
787;"Martha";"Gilbert";"mgilbertj3@360.cn";"(850)836-3389"
788;"Ruby";"Freeman";"rfreemanj4@ucsd.edu";"(212)237-2983"
789;"Ronald";"Grant";"rgrantj5@live.com";"(619)199-4597"
790;"Amanda";"Gilbert";"agilbertj6@fastcompany.com";"(713)219-5928"
791;"Nancy";"Graham";"ngrahamj7@va.gov";"(904)187-0059"
792;"Gerald";"Gomez";"ggomezj8@deliciousdays.com";"(682)468-8610"
793;"Roger";"Murray";"rmurrayj9@fema.gov";"(312)750-4407"
794;"George";"Dunn";"gdunnja@hud.gov";"(404)646-1207"
795;"Ernest";"Mcdonald";"emcdonaldjb@friendfeed.com";"(404)834-5922"
796;"Denise";"Lane";"dlanejc@europa.eu";"(510)615-9072"
797;"Donna";"Little";"dlittlejd@columbia.edu";"(816)241-9475"
798;"Lillian";"Alexander";"lalexanderje@mysql.com";"(716)979-6531"
799;"Jean";"Gutierrez";"jgutierrezjf@cbslocal.com";"(561)250-9235"
800;"Kenneth";"Lawrence";"klawrencejg@mapquest.com";"(202)715-2060"
801;"Diane";"King";"dkingjh@answers.com";"(928)957-9033"
802;"Mary";"Snyder";"msnyderji@mapy.cz";"(405)536-8280"
803;"Gregory";"Young";"gyoungjj@intel.com";"(307)823-9169"
804;"Deborah";"Nguyen";"dnguyenjk@instagram.com";"(616)969-4556"
805;"Andrea";"Young";"ayoungjl@infoseek.co.jp";"(561)198-4387"
806;"Lois";"Foster";"lfosterjm@de.vu";"(713)945-9305"
807;"Barbara";"Torres";"btorresjn@twitpic.com";"(202)687-9513"
808;"Linda";"Morrison";"lmorrisonjo@symantec.com";"(970)190-3152"
809;"Susan";"Willis";"swillisjp@amazonaws.com";"(785)746-9476"
810;"Diane";"Howard";"dhowardjq@noaa.gov";"(612)534-3865"
811;"Paula";"Lopez";"plopezjr@google.nl";"(801)811-1374"
812;"Ralph";"Lawson";"rlawsonjs@yandex.ru";"(814)654-4518"
813;"Kevin";"Hughes";"khughesjt@t-online.de";"(713)768-5330"
814;"Gloria";"Harper";"gharperju@bing.com";"(616)150-3662"
815;"Kelly";"Banks";"kbanksjv@sina.com.cn";"(314)222-4886"
816;"Anthony";"Bailey";"abaileyjw@indiatimes.com";"(256)268-1987"
817;"Matthew";"Dixon";"mdixonjx@whitehouse.gov";"(904)420-3124"
818;"Jack";"Harvey";"jharveyjy@phpbb.com";"(202)541-5120"
819;"Jesse";"Smith";"jsmithjz@4shared.com";"(832)484-2374"
820;"Eric";"Dunn";"edunnk0@soundcloud.com";"(704)190-5229"
821;"Marilyn";"Reynolds";"mreynoldsk1@reverbnation.com";"(404)562-9590"
822;"Mary";"Foster";"mfosterk2@usgs.gov";"(205)670-5118"
823;"Diane";"Ray";"drayk3@baidu.com";"(317)749-5745"
824;"Sarah";"Baker";"sbakerk4@prlog.org";"(860)272-6382"
825;"Ronald";"Richardson";"rrichardsonk5@hp.com";"(305)103-6122"
826;"Joan";"Murray";"jmurrayk6@indiegogo.com";"(267)778-4141"
827;"Kathleen";"Peterson";"kpetersonk7@acquirethisname.com";"(312)814-8875"
828;"Joyce";"Burke";"jburkek8@unesco.org";"(409)438-0979"
829;"Theresa";"Myers";"tmyersk9@freewebs.com";"(919)844-3298"
830;"Paul";"Ferguson";"pfergusonka@businessinsider.com";"(212)271-0829"
831;"Brian";"Cunningham";"bcunninghamkb@privacy.gov.au";"(909)813-5270"
832;"Samuel";"George";"sgeorgekc@goo.gl";"(702)445-8532"
833;"Mary";"Ross";"mrosskd@patch.com";"(419)775-2890"
834;"Virginia";"Wheeler";"vwheelerke@bloomberg.com";"(940)887-2847"
835;"Deborah";"Wilson";"dwilsonkf@china.com.cn";"(915)486-5303"
836;"Julie";"Wheeler";"jwheelerkg@sun.com";"(260)287-9608"
837;"Adam";"Long";"alongkh@t-online.de";"(915)836-9929"
838;"Irene";"Chavez";"ichavezki@slideshare.net";"(215)775-2451"
839;"Jose";"Franklin";"jfranklinkj@senate.gov";"(804)503-7989"
840;"Diane";"Carter";"dcarterkk@mozilla.com";"(405)701-0478"
841;"Debra";"Peterson";"dpetersonkl@live.com";"(904)285-5032"
842;"Carol";"James";"cjameskm@addtoany.com";"(801)143-2117"
843;"Joshua";"Carpenter";"jcarpenterkn@about.com";"(407)772-0490"
844;"Anne";"Johnston";"ajohnstonko@toplist.cz";"(405)336-9713"
845;"Judy";"Jenkins";"jjenkinskp@sfgate.com";"(202)382-9327"
846;"Julie";"Mills";"jmillskq@desdev.cn";"(717)379-1959"
847;"Denise";"Howell";"dhowellkr@toplist.cz";"(813)334-7435"
848;"Marie";"Mendoza";"mmendozaks@pbs.org";"(212)891-8973"
849;"Randy";"Dunn";"rdunnkt@china.com.cn";"(214)673-9266"
850;"Dorothy";"Robinson";"drobinsonku@1688.com";"(316)534-6651"
851;"Scott";"White";"swhitekv@sfgate.com";"(989)236-2465"
852;"Jeremy";"Castillo";"jcastillokw@bloomberg.com";"(612)112-5987"
853;"Richard";"Castillo";"rcastillokx@mozilla.org";"(850)891-3625"
854;"Angela";"Allen";"aallenky@irs.gov";"(305)232-8816"
855;"Julie";"Banks";"jbankskz@themeforest.net";"(763)270-5690"
856;"James";"Elliott";"jelliottl0@mozilla.org";"(408)142-4258"
857;"Maria";"Gonzalez";"mgonzalezl1@examiner.com";"(202)652-0832"
858;"Joshua";"Lewis";"jlewisl2@mapy.cz";"(813)948-0327"
859;"Mildred";"Castillo";"mcastillol3@statcounter.com";"(954)655-7021"
860;"Martha";"Howard";"mhowardl4@geocities.com";"(979)869-1455"
861;"Joseph";"Cook";"jcookl5@blogger.com";"(612)252-9382"
862;"Antonio";"Evans";"aevansl6@istockphoto.com";"(919)662-2565"
863;"Brian";"Perez";"bperezl7@wisc.edu";"(617)600-3346"
864;"Larry";"Black";"lblackl8@google.it";"(515)230-0213"
865;"Teresa";"Carr";"tcarrl9@tamu.edu";"(254)289-6642"
866;"Frank";"Montgomery";"fmontgomeryla@nymag.com";"(626)355-6362"
867;"Carolyn";"Fields";"cfieldslb@paginegialle.it";"(937)501-3287"
868;"John";"Scott";"jscottlc@tiny.cc";"(302)143-9476"
869;"Bruce";"Hall";"bhallld@narod.ru";"(915)641-0402"
870;"Scott";"Martin";"smartinle@seattletimes.com";"(225)237-0696"
871;"Phillip";"Hunt";"phuntlf@theatlantic.com";"(908)164-4310"
872;"Ryan";"Austin";"raustinlg@ft.com";"(573)129-9163"
873;"Robert";"Franklin";"rfranklinlh@ow.ly";"(915)800-5719"
874;"Marilyn";"Bell";"mbellli@storify.com";"(206)138-7598"
875;"Heather";"Ray";"hraylj@opera.com";"(303)756-4832"
876;"Cynthia";"Burns";"cburnslk@state.gov";"(602)205-9709"
877;"Timothy";"Green";"tgreenll@boston.com";"(937)966-8815"
878;"Scott";"Robinson";"srobinsonlm@pcworld.com";"(202)196-5521"
879;"Judith";"Banks";"jbanksln@reuters.com";"(904)791-4505"
880;"Phyllis";"Day";"pdaylo@booking.com";"(336)268-7406"
881;"Sara";"Warren";"swarrenlp@icq.com";"(651)278-8268"
882;"Mildred";"Payne";"mpaynelq@rakuten.co.jp";"(206)634-5126"
883;"Melissa";"Hernandez";"mhernandezlr@oaic.gov.au";"(334)547-4958"
884;"Anne";"Barnes";"abarnesls@yolasite.com";"(806)865-4134"
885;"Stephen";"Cook";"scooklt@dropbox.com";"(239)118-6129"
886;"Paul";"Little";"plittlelu@mediafire.com";"(612)627-3955"
887;"Daniel";"Rivera";"driveralv@google.com.au";"(606)839-3087"
888;"Lori";"Harris";"lharrislw@mediafire.com";"(301)595-2657"
889;"Keith";"Johnson";"kjohnsonlx@wikispaces.com";"(404)686-0215"
890;"Martha";"Smith";"msmithly@alexa.com";"(513)914-5441"
891;"Cheryl";"Simmons";"csimmonslz@washingtonpost.com";"(212)772-6071"
892;"Angela";"Schmidt";"aschmidtm0@nymag.com";"(479)265-0242"
893;"Christopher";"Williamson";"cwilliamsonm1@columbia.edu";"(512)405-9136"
894;"Randy";"Parker";"rparkerm2@shutterfly.com";"(937)524-2424"
895;"Carolyn";"Clark";"cclarkm3@usgs.gov";"(213)343-3558"
896;"Alan";"Anderson";"aandersonm4@wikispaces.com";"(936)915-0820"
897;"Henry";"Reynolds";"hreynoldsm5@businessweek.com";"(602)949-5412"
898;"Henry";"Chavez";"hchavezm6@taobao.com";"(509)718-8037"
899;"Keith";"Castillo";"kcastillom7@hostgator.com";"(719)834-9625"
900;"Patrick";"Reyes";"preyesm8@amazon.de";"(901)837-6284"
901;"Gerald";"Nelson";"gnelsonm9@sourceforge.net";"(843)445-4993"
902;"Gerald";"Gilbert";"ggilbertma@deliciousdays.com";"(912)689-7216"
903;"Christina";"Knight";"cknightmb@cargocollective.com";"(859)390-1291"
904;"Scott";"Burke";"sburkemc@ustream.tv";"(413)295-7391"
905;"Brenda";"Daniels";"bdanielsmd@wp.com";"(469)536-7166"
906;"Ruth";"Stephens";"rstephensme@nps.gov";"(513)504-6443"
907;"Jason";"Ellis";"jellismf@blogs.com";"(314)196-8114"
908;"Christine";"Rivera";"criveramg@cornell.edu";"(919)319-4072"
909;"Linda";"Morris";"lmorrismh@360.cn";"(281)735-0478"
910;"Andrea";"Welch";"awelchmi@zimbio.com";"(316)703-8874"
911;"Bobby";"Nelson";"bnelsonmj@baidu.com";"(318)902-8628"
912;"Rose";"Hayes";"rhayesmk@un.org";"(901)126-4679"
913;"Karen";"Welch";"kwelchml@4shared.com";"(651)733-6235"
914;"Deborah";"Spencer";"dspencermm@mozilla.org";"(812)501-6857"
915;"Louise";"Jones";"ljonesmn@dropbox.com";"(336)546-6889"
916;"Melissa";"Rose";"mrosemo@slashdot.org";"(316)380-4094"
917;"Emily";"Reyes";"ereyesmp@bluehost.com";"(253)653-7165"
918;"Jimmy";"Kennedy";"jkennedymq@jimdo.com";"(480)117-8104"
919;"Amanda";"Pierce";"apiercemr@google.pl";"(864)191-7994"
920;"Wayne";"Howell";"whowellms@fastcompany.com";"(480)281-8498"
921;"Gregory";"Wood";"gwoodmt@cisco.com";"(916)540-8979"
922;"Todd";"Wood";"twoodmu@yahoo.co.jp";"(254)248-1120"
923;"Brandon";"Boyd";"bboydmv@spiegel.de";"(951)355-4942"
924;"Harry";"Edwards";"hedwardsmw@nytimes.com";"(801)893-2797"
925;"Gary";"Ferguson";"gfergusonmx@theatlantic.com";"(919)591-4857"
926;"Julia";"Perkins";"jperkinsmy@imageshack.us";"(719)922-0708"
927;"Thomas";"Cunningham";"tcunninghammz@webeden.co.uk";"(360)874-5676"
928;"Martha";"Coleman";"mcolemann0@examiner.com";"(469)300-8723"
929;"Shawn";"Adams";"sadamsn1@seesaa.net";"(916)109-2693"
930;"Diane";"Jackson";"djacksonn2@multiply.com";"(716)909-4234"
931;"Donald";"Larson";"dlarsonn3@about.com";"(952)829-0189"
932;"Shirley";"Harvey";"sharveyn4@indiegogo.com";"(801)545-2069"
933;"Roy";"Meyer";"rmeyern5@histats.com";"(954)237-1058"
934;"Debra";"Phillips";"dphillipsn6@multiply.com";"(713)890-9741"
935;"Catherine";"Hart";"chartn7@amazonaws.com";"(904)176-0788"
936;"Paula";"Collins";"pcollinsn8@telegraph.co.uk";"(202)297-7367"
937;"Adam";"Sullivan";"asullivann9@alibaba.com";"(202)297-6879"
938;"Jesse";"Jones";"jjonesna@epa.gov";"(260)712-5305"
939;"Christopher";"Ross";"crossnb@bbb.org";"(843)383-9749"
940;"Heather";"White";"hwhitenc@godaddy.com";"(717)512-3354"
941;"Chris";"Moreno";"cmorenond@mac.com";"(907)709-6086"
942;"Gerald";"Green";"ggreenne@wisc.edu";"(203)541-4782"
943;"Johnny";"Ruiz";"jruiznf@nba.com";"(202)731-4171"
944;"Carlos";"Morales";"cmoralesng@ed.gov";"(517)792-4134"
945;"Gloria";"Ramos";"gramosnh@xing.com";"(646)144-6692"
946;"Lawrence";"Sanchez";"lsanchezni@prlog.org";"(415)283-9050"
947;"Philip";"Hayes";"phayesnj@adobe.com";"(510)315-1807"
948;"George";"Ortiz";"gortiznk@dropbox.com";"(508)876-5965"
949;"Lois";"Andrews";"landrewsnl@tripadvisor.com";"(915)181-3084"
950;"Russell";"Lawson";"rlawsonnm@ebay.com";"(979)278-7081"
951;"Richard";"George";"rgeorgenn@usda.gov";"(614)750-2828"
952;"Cheryl";"Moore";"cmooreno@networksolutions.com";"(253)648-0305"
953;"Sarah";"Sims";"ssimsnp@issuu.com";"(619)409-5898"
954;"Lori";"Little";"llittlenq@alibaba.com";"(702)579-9171"
955;"Lawrence";"Johnston";"ljohnstonnr@quantcast.com";"(601)855-5614"
956;"Andrew";"Nelson";"anelsonns@networkadvertising.org";"(719)143-5942"
957;"Jeremy";"Fields";"jfieldsnt@nydailynews.com";"(757)236-2329"
958;"Shawn";"Palmer";"spalmernu@scientificamerican.com";"(212)831-9820"
959;"Laura";"Rice";"lricenv@hatena.ne.jp";"(281)968-6949"
960;"Justin";"Hunt";"jhuntnw@ox.ac.uk";"(240)466-3332"
961;"Margaret";"Myers";"mmyersnx@comcast.net";"(612)666-3759"
962;"Clarence";"Hicks";"chicksny@webs.com";"(415)609-4474"
963;"Billy";"Lawrence";"blawrencenz@mashable.com";"(402)518-9119"
964;"Emily";"Stevens";"estevenso0@yellowbook.com";"(215)503-0055"
965;"Anthony";"Bradley";"abradleyo1@pagesperso-orange.fr";"(806)783-0049"
966;"Joe";"Smith";"jsmitho2@4shared.com";"(817)730-2779"
967;"Juan";"Thompson";"jthompsono3@ibm.com";"(650)559-0577"
968;"Steven";"Taylor";"stayloro4@desdev.cn";"(570)788-6415"
969;"Jerry";"Hudson";"jhudsono5@webnode.com";"(912)410-8851"
970;"Michelle";"Wheeler";"mwheelero6@yellowbook.com";"(763)107-5772"
971;"Pamela";"Carpenter";"pcarpentero7@google.co.uk";"(803)537-1843"
972;"Jennifer";"Porter";"jportero8@com.com";"(504)249-1112"
973;"Sharon";"Harper";"sharpero9@w3.org";"(864)382-1624"
974;"Rose";"Cooper";"rcooperoa@t.co";"(309)274-6913"
975;"Howard";"Ortiz";"hortizob@psu.edu";"(202)346-9226"
976;"Joan";"Bryant";"jbryantoc@reddit.com";"(770)306-6840"
977;"Christopher";"Brooks";"cbrooksod@sphinn.com";"(719)255-4327"
978;"Karen";"Frazier";"kfrazieroe@trellian.com";"(714)473-9512"
979;"Wanda";"Graham";"wgrahamof@deviantart.com";"(505)229-4521"
980;"Theresa";"Bennett";"tbennettog@gizmodo.com";"(608)730-9648"
981;"Debra";"Black";"dblackoh@statcounter.com";"(727)560-2767"
982;"Karen";"Martin";"kmartinoi@4shared.com";"(602)582-9988"
983;"Elizabeth";"Hanson";"ehansonoj@slate.com";"(772)607-9944"
984;"Diana";"Allen";"dallenok@quantcast.com";"(317)507-2269"
985;"Steven";"Cooper";"scooperol@go.com";"(231)475-2348"
986;"Joseph";"Bradley";"jbradleyom@baidu.com";"(513)983-2239"
987;"Kathy";"Reynolds";"kreynoldson@washingtonpost.com";"(202)487-0796"
988;"Pamela";"Kim";"pkimoo@go.com";"(806)242-1871"
989;"Jerry";"Ruiz";"jruizop@blog.com";"(614)546-6274"
990;"Gary";"Richards";"grichardsoq@craigslist.org";"(520)139-9228"
991;"Joyce";"Wagner";"jwagneror@umn.edu";"(816)768-1231"
992;"Robin";"Sullivan";"rsullivanos@discovery.com";"(414)359-1936"
993;"Joan";"Duncan";"jduncanot@linkedin.com";"(540)214-6305"
994;"George";"Flores";"gfloresou@yellowpages.com";"(858)100-2220"
995;"Gerald";"Roberts";"grobertsov@nba.com";"(213)965-8789"
996;"Carlos";"Gardner";"cgardnerow@mlb.com";"(307)768-6760"
997;"Sean";"Bailey";"sbaileyox@archive.org";"(213)412-9669"
998;"Kenneth";"Hunter";"khunteroy@edublogs.org";"(208)643-8976"
999;"Randy";"Harper";"rharperoz@pbs.org";"(509)734-6981"
1000;"Victor";"Woods";"vwoodsp0@blogtalkradio.com";"(786)720-8933"
1001;"Tammy";"Scott";"tscottp1@jugem.jp";"(318)903-6631"
1002;"Shawn";"Bennett";"sbennettp2@mail.ru";"(610)909-8789"
1003;"Judy";"Spencer";"jspencerp3@va.gov";"(312)820-7574"
1004;"Joseph";"Lynch";"jlynchp4@state.tx.us";"(212)660-9633"
1005;"Daniel";"Sims";"dsimsp5@goo.gl";"(713)739-9747"
1006;"Wanda";"Brooks";"wbrooksp6@1und1.de";"(908)574-9985"
1007;"Tina";"Lee";"tleep7@noaa.gov";"(661)870-2327"
1008;"Todd";"King";"tkingp8@hao123.com";"(202)343-7248"
1009;"Willie";"Robinson";"wrobinsonp9@comcast.net";"(763)915-6003"
1010;"Norma";"Williamson";"nwilliamsonpa@sun.com";"(218)893-2487"
1011;"Gary";"Bishop";"gbishoppb@github.io";"(910)564-9174"
1012;"Jean";"Young";"jyoungpc@cbslocal.com";"(256)847-2003"
1013;"Richard";"Rose";"rrosepd@sitemeter.com";"(321)504-0629"
1014;"Harry";"Dean";"hdeanpe@bloglovin.com";"(318)244-8339"
1015;"Pamela";"Schmidt";"pschmidtpf@gnu.org";"(619)338-7692"
1016;"Alan";"Lane";"alanepg@mapquest.com";"(708)597-3506"
1017;"Helen";"Moreno";"hmorenoph@upenn.edu";"(915)835-7090"
1018;"Patricia";"Henderson";"phendersonpi@alibaba.com";"(562)402-8324"
1019;"Rose";"Jenkins";"rjenkinspj@gov.uk";"(862)230-5426"
1020;"Paul";"Meyer";"pmeyerpk@zdnet.com";"(262)654-3933"
1021;"Michelle";"Harris";"mharrispl@time.com";"(901)549-6148"
1022;"Christine";"Castillo";"ccastillopm@trellian.com";"(202)224-4347"
1023;"Andrea";"Frazier";"afrazierpn@quantcast.com";"(805)315-3961"
1024;"Jessica";"King";"jkingpo@simplemachines.org";"(205)328-8301"
1025;"Judy";"Watson";"jwatsonpp@photobucket.com";"(419)631-9431"
1026;"Susan";"Austin";"saustinpq@springer.com";"(515)642-0431"
1027;"Arthur";"Harper";"aharperpr@usda.gov";"(757)953-4177"
1028;"Timothy";"Kim";"tkimps@sciencedirect.com";"(248)248-4484"
1029;"David";"Myers";"dmyerspt@jugem.jp";"(208)541-2841"
1030;"Patricia";"Stone";"pstonepu@spotify.com";"(574)190-3953"
1031;"Helen";"Hughes";"hhughespv@shinystat.com";"(919)847-6672"
1032;"Jane";"Ford";"jfordpw@nba.com";"(937)251-7782"
1033;"Catherine";"Riley";"crileypx@sun.com";"(605)720-9738"
1034;"Cynthia";"Johnston";"cjohnstonpy@blog.com";"(212)389-0231"
1035;"Robin";"Sims";"rsimspz@jugem.jp";"(312)969-2913"
1036;"Gary";"Sims";"gsimsq0@soundcloud.com";"(862)467-4697"
1037;"Joshua";"Crawford";"jcrawfordq1@ocn.ne.jp";"(336)767-0890"
1038;"Robert";"Anderson";"randersonq2@desdev.cn";"(504)391-4512"
1039;"William";"Harper";"wharperq3@blogger.com";"(614)226-5685"
1040;"Adam";"Patterson";"apattersonq4@prlog.org";"(716)296-8015"
1041;"Jane";"Daniels";"jdanielsq5@cdc.gov";"(714)733-4783"
1042;"Ann";"Hawkins";"ahawkinsq6@tripadvisor.com";"(515)257-5809"
1043;"Walter";"Henry";"whenryq7@reverbnation.com";"(317)448-0530"
1044;"Laura";"Wilson";"lwilsonq8@bluehost.com";"(806)679-2197"
1045;"Joshua";"Clark";"jclarkq9@taobao.com";"(850)758-3288"
1046;"Douglas";"Gray";"dgrayqa@multiply.com";"(314)660-5133"
1047;"Ruth";"Long";"rlongqb@posterous.com";"(202)682-5794"
1048;"Brenda";"Harrison";"bharrisonqc@auda.org.au";"(605)835-2328"
1049;"Sandra";"Ward";"swardqd@miibeian.gov.cn";"(928)563-0560"
1050;"Craig";"Cook";"ccookqe@free.fr";"(757)831-8996"
1051;"Amy";"Walker";"awalkerqf@4shared.com";"(603)621-4186"
1052;"Maria";"Garcia";"mgarciaqg@live.com";"(401)335-1671"
1053;"Shirley";"Long";"slongqh@gnu.org";"(850)971-7975"
1054;"Debra";"Rivera";"driveraqi@accuweather.com";"(304)738-8755"
1055;"Jesse";"Franklin";"jfranklinqj@desdev.cn";"(503)572-6870"
1056;"Linda";"Moore";"lmooreqk@wired.com";"(704)832-9411"
1057;"Deborah";"Carpenter";"dcarpenterql@blinklist.com";"(719)330-2371"
1058;"Clarence";"Moore";"cmooreqm@4shared.com";"(214)761-0340"
1059;"James";"Stone";"jstoneqn@quantcast.com";"(814)382-2841"
1060;"John";"Stevens";"jstevensqo@cnbc.com";"(480)708-3636"
1061;"Linda";"Grant";"lgrantqp@livejournal.com";"(212)229-5864"
1062;"Laura";"Bradley";"lbradleyqq@yandex.ru";"(319)656-5018"
1063;"Lori";"Parker";"lparkerqr@paypal.com";"(305)985-9164"
1064;"Terry";"Holmes";"tholmesqs@purevolume.com";"(937)432-5651"
1065;"Teresa";"Arnold";"tarnoldqt@woothemes.com";"(251)243-8568"
1066;"Matthew";"Snyder";"msnyderqu@reference.com";"(304)568-0522"
1067;"Jose";"Nelson";"jnelsonqv@yale.edu";"(303)158-9136"
1068;"Gloria";"Hughes";"ghughesqw@51.la";"(304)499-6990"
1069;"Terry";"Rodriguez";"trodriguezqx@prweb.com";"(202)963-6366"
1070;"Carolyn";"Welch";"cwelchqy@tinypic.com";"(808)537-4851"
1071;"Cynthia";"Matthews";"cmatthewsqz@merriam-webster.com";"(202)626-9439"
1072;"Shawn";"Rice";"sricer0@dedecms.com";"(248)682-3907"
1073;"Debra";"Ford";"dfordr1@economist.com";"(716)253-0208"
1074;"Jacqueline";"Ward";"jwardr2@hao123.com";"(601)351-2679"
1075;"Shirley";"Walker";"swalkerr3@tumblr.com";"(515)365-5774"
1076;"James";"Miller";"jmillerr4@tamu.edu";"(561)650-9721"
1077;"Jerry";"Welch";"jwelchr5@scientificamerican.com";"(314)905-1639"
1078;"Amy";"Sanders";"asandersr6@cisco.com";"(309)696-8434"
1079;"Randy";"Daniels";"rdanielsr7@lulu.com";"(952)340-0298"
1080;"Pamela";"Alvarez";"palvarezr8@opensource.org";"(315)173-9012"
1081;"Steve";"Butler";"sbutlerr9@stanford.edu";"(719)138-8823"
1082;"Todd";"Bowman";"tbowmanra@arstechnica.com";"(469)335-2374"
1083;"Mark";"West";"mwestrb@dagondesign.com";"(205)801-0026"
1084;"Nicholas";"Wells";"nwellsrc@hibu.com";"(614)682-5762"
1085;"Ruby";"Moreno";"rmorenord@naver.com";"(404)601-6998"
1086;"Ashley";"West";"awestre@devhub.com";"(218)232-9304"
1087;"Lawrence";"Grant";"lgrantrf@weibo.com";"(720)176-5507"
1088;"John";"Kim";"jkimrg@ox.ac.uk";"(901)402-5175"
1089;"Emily";"Ross";"erossrh@cdbaby.com";"(404)435-8865"
1090;"Martha";"Palmer";"mpalmerri@com.com";"(312)538-0738"
1091;"Beverly";"Burke";"bburkerj@disqus.com";"(202)105-2942"
1092;"Todd";"Mitchell";"tmitchellrk@sourceforge.net";"(209)752-5895"
1093;"Helen";"Carter";"hcarterrl@seattletimes.com";"(412)548-5472"
1094;"Benjamin";"Schmidt";"bschmidtrm@cbc.ca";"(916)821-6533"
1095;"Helen";"Castillo";"hcastillorn@behance.net";"(918)612-1410"
1096;"Peter";"Crawford";"pcrawfordro@de.vu";"(757)162-1265"
1097;"Samuel";"Fields";"sfieldsrp@reverbnation.com";"(304)197-3872"
1098;"Michael";"Gonzalez";"mgonzalezrq@hud.gov";"(540)782-9635"
1099;"Louise";"Morrison";"lmorrisonrr@nifty.com";"(786)955-3070"
1100;"George";"Washington";"gwashington@wh.gov";"(555) 555-6543"
1101;"Victor";"Woods";"vwoodsp0@blogtalkradio.com";"(786)720-8933"
1113;"John";"Adams";"jadams@wh.gov";"(555) 555-9845"
