"salesperson_id";"first_name";"last_name";"email"
100;"Jack";"Powell";"jpowell0@hplussport.com"
101;"Emily";"Garcia";"egarcia1@hplussport.com"
102;"Richard";"Dean";"rdean2@hplussport.com"
103;"Jane";"Porter";"jporter3@hplussport.com"
104;"Robin";"Vasquez";"rvasquez4@hplussport.com"
105;"Douglas";"Flores";"dflores5@hplussport.com"
106;"Craig";"Johnston";"cjohnston6@hplussport.com"
107;"Norma";"Johnson";"njohnson7@hplussport.com"
108;"Kathryn";"Bishop";"kbishop8@hplussport.com"
109;"Joe";"Stewart";"jstewart9@hplussport.com"
110;"Dennis";"Price";"dpricea@hplussport.com"
111;"Jason";"Reid";"jreidb@hplussport.com"
112;"Randy";"Gomez";"rgomezc@hplussport.com"
113;"Jerry";"George";"jgeorged@hplussport.com"
114;"Jane";"Larson";"jlarsone@hplussport.com"
115;"Joyce";"Carr";"jcarrf@hplussport.com"
116;"James";"Ortiz";"jortizg@hplussport.com"
117;"Jimmy";"Fowler";"jfowlerh@hplussport.com"
118;"Benjamin";"Sims";"bsimsi@hplussport.com"
119;"Jack";"Wagner";"jwagnerj@hplussport.com"
120;"Sharon";"Evans";"sevansk@hplussport.com"
121;"Tina";"Mccoy";"tmccoyl@hplussport.com"
122;"Joan";"Ruiz";"jruizm@hplussport.com"
123;"Sara";"Cox";"scoxn@hplussport.com"
124;"Jessica";"Alvarez";"jalvarezo@hplussport.com"
125;"Amanda";"Butler";"abutlerp@hplussport.com"
126;"Louis";"Gonzales";"lgonzalesq@hplussport.com"
127;"Victor";"Moore";"vmoorer@hplussport.com"
128;"Harold";"Lawson";"hlawsons@hplussport.com"
129;"Carlos";"James";"cjamest@hplussport.com"
130;"Edward";"Kelley";"ekelleyu@hplussport.com"
131;"Gregory";"Wells";"gwellsv@hplussport.com"
132;"Shirley";"Carpenter";"scarpenterw@hplussport.com"
133;"Virginia";"Fowler";"vfowlerx@hplussport.com"
134;"Janet";"Harvey";"jharveyy@hplussport.com"
135;"Diana";"Parker";"dparkerz@hplussport.com"
136;"Sara";"Simpson";"ssimpson10@hplussport.com"
137;"Stephen";"Duncan";"sduncan11@hplussport.com"
138;"Daniel";"Myers";"dmyers12@hplussport.com"
139;"Beverly";"Hamilton";"bhamilton13@hplussport.com"
140;"Tina";"Holmes";"tholmes14@hplussport.com"
141;"Bobby";"Garcia";"bgarcia15@hplussport.com"
142;"Wanda";"Bennett";"wbennett16@hplussport.com"
143;"Steven";"Johnson";"sjohnson17@hplussport.com"
144;"Marie";"Hall";"mhall18@hplussport.com"
145;"Wanda";"Evans";"wevans19@hplussport.com"
146;"Nancy";"Wagner";"nwagner1a@hplussport.com"
147;"Roger";"Sullivan";"rsullivan1b@hplussport.com"
148;"Dorothy";"Boyd";"dboyd1c@hplussport.com"
149;"Walter";"Rivera";"wrivera1d@hplussport.com"
150;"Teresa";"Riley";"triley1e@hplussport.com"
